{"cameraMode":{"drawMode":0,"name":"Shaded","section":"Shading Mode"},"sceneLighting":false,"audioPlay":false,"sceneViewState":{"showFog":true,"showMaterialUpdate":false,"showSkybox":true,"showFlares":true,"showImageEffects":true,"showParticleSystems":true},"in2DMode":false,"pivot":{"x":1.250999927520752,"y":2.424999952316284,"z":1.2150001525878907},"rotation":{"x":0.060835301876068118,"y":-0.029036205261945726,"z":0.0017661029705777765,"w":0.9977238178253174},"size":9.903092384338379,"orthographic":true}