{"cameraMode":{"drawMode":0,"name":"Shaded","section":"Shading Mode"},"sceneLighting":true,"audioPlay":false,"sceneViewState":{"showFog":true,"showMaterialUpdate":false,"showSkybox":true,"showFlares":true,"showImageEffects":true,"showParticleSystems":true},"in2DMode":false,"pivot":{"x":2.8835530281066896,"y":4.020107269287109,"z":5.307748794555664},"rotation":{"x":0.15352684259414674,"y":-0.09176039695739746,"z":0.0143201295286417,"w":0.9837706089019775},"size":23.557775497436525,"orthographic":false}