{"cameraMode":{"drawMode":0,"name":"Shaded","section":"Shading Mode"},"sceneLighting":true,"audioPlay":false,"sceneViewState":{"showFog":true,"showMaterialUpdate":false,"showSkybox":true,"showFlares":true,"showImageEffects":true,"showParticleSystems":true},"in2DMode":false,"pivot":{"x":0.9716414213180542,"y":-14.127670288085938,"z":9.653457641601563},"rotation":{"x":-0.004348954651504755,"y":0.9551414251327515,"z":-0.29578500986099245,"w":-0.01404557004570961},"size":70.26863098144531,"orthographic":false}